tag,prefix,number,meaning,variable,role,is_safety,x,y,layer
EHx21,EH,x21,Electric Heater,heat,actuator,False,566.01,385.07,TUN
TTx21,TT,x21,Temperature Transmitter,temperature,sensor,False,566.05,394.45,TUN
EHx22,EH,x22,Electric Heater,heat,actuator,False,568.78,408.32,TUN
TTx22,TT,x22,Temperature Transmitter,temperature,sensor,False,568.82,417.69,TUN
EHx11,EH,x11,Electric Heater,heat,actuator,False,851.57,393.33,TUN
TTx11,TT,x11,Temperature Transmitter,temperature,sensor,False,851.6,402.7,TUN
EHx12,EH,x12,Electric Heater,heat,actuator,False,851.18,416.12,TUN
TTx12,TT,x12,Temperature Transmitter,temperature,sensor,False,851.21,425.49,TUN
PZx21,PZ,x21,Pressure (special / safety),pressure,sensor,True,564.58,359.98,TUN
PZx22,PZ,x22,Pressure (special / safety),pressure,sensor,True,564.61,369.36,TUN
PZx11,PZ,x11,Pressure (special / safety),pressure,sensor,True,864.51,366.38,TUN
PZx12,PZ,x12,Pressure (special / safety),pressure,sensor,True,864.54,375.75,TUN
TTx23,TT,x23,Temperature Transmitter,temperature,sensor,False,562.45,249.57,TUN
SMx21,SM,x21,Special Measurement,analysis,device,False,562.49,258.95,TUN
RSx21,RS,x21,Special / status,analysis,device,False,562.52,268.32,TUN
TTx13,TT,x13,Temperature Transmitter,temperature,sensor,False,854.36,251.97,TUN
SMx11,SM,x11,Special Measurement,analysis,device,False,854.4,261.34,TUN
RSx11,RS,x11,Special / status,analysis,device,False,854.43,270.72,TUN
LSx21,LS,x21,Level Switch,level,switch,False,550.89,324.94,TUN
LSx22,LS,x22,Level Switch,level,switch,False,550.92,334.32,TUN
LSx23,LS,x23,Level Switch,level,switch,False,550.95,343.69,TUN
LSx21,LS,x21,Level Switch,level,switch,False,630.26,247.91,TUN
LSx22,LS,x22,Level Switch,level,switch,False,630.29,257.28,TUN
LSx23,LS,x23,Level Switch,level,switch,False,630.33,266.66,TUN
LSx11,LS,x11,Level Switch,level,switch,False,862.81,333.04,TUN
LSx12,LS,x12,Level Switch,level,switch,False,862.84,342.42,TUN
LSx13,LS,x13,Level Switch,level,switch,False,862.88,351.79,TUN
LSx11,LS,x11,Level Switch,level,switch,False,801.44,246.34,TUN
LSx12,LS,x12,Level Switch,level,switch,False,801.48,255.71,TUN
LSx13,LS,x13,Level Switch,level,switch,False,801.51,265.09,TUN
APx21,AP,x21,Antenna / Analysis Probe,analysis,device,False,618.12,341.39,CAV
APx11,AP,x11,Antenna / Analysis Probe,analysis,device,False,807.91,340.74,CAV
PTxxx,PT,xxx,Pressure Transmitter,pressure,sensor,False,199.48,918.46,CPLR
PTxxx,PT,xxx,Pressure Transmitter,pressure,sensor,False,198.84,979.68,CPLR
PTxxx,PT,xxx,Pressure Transmitter,pressure,sensor,False,449.44,959.3,CPLR
PTxxx,PT,xxx,Pressure Transmitter,pressure,sensor,False,471.09,993.87,CPLR
SVxxx,SV,xxx,Safety / Solenoid Valve,safety,valve,True,460.93,982.62,CPLR
SVxxx,SV,xxx,Safety / Solenoid Valve,safety,valve,True,439.28,948.54,CPLR
TTxxx,TT,xxx,Temperature Transmitter,temperature,sensor,False,193.77,945.67,CPLR
EH526,EH,526,Electric Heater,heat,actuator,False,511.99,682.94,EH TT
TT526,TT,526,Temperature Transmitter,temperature,sensor,False,512.02,692.32,EH TT
EH516,EH,516,Electric Heater,heat,actuator,False,904.91,682.94,CPLR flange heater
TT516,TT,516,Temperature Transmitter,temperature,sensor,False,904.95,692.32,CPLR flange heater
EHx24,EH,x24,Electric Heater,heat,actuator,False,562.12,831.2,EH TT
TTx24,TT,x24,Temperature Transmitter,temperature,sensor,False,562.16,840.57,EH TT
EHx14,EH,x14,Electric Heater,heat,actuator,False,839.52,832.61,RF tee anti-freeze
TTx14,TT,x14,Temperature Transmitter,temperature,sensor,False,839.56,841.98,RF tee anti-freeze
TTxxx,TT,xxx,Temperature Transmitter,temperature,sensor,False,647.13,828.89,RF Tee monitoring (FREIA)
TTxxx,TT,xxx,Temperature Transmitter,temperature,sensor,False,577.13,740.89,RF Tee monitoring (FREIA)
TTxxx,TT,xxx,Temperature Transmitter,temperature,sensor,False,833.45,739.18,RF Tee monitoring (FREIA)
TTxxx,TT,xxx,Temperature Transmitter,temperature,sensor,False,841.35,817.31,RF Tee monitoring (FREIA)
TTxxx,TT,xxx,Temperature Transmitter,temperature,sensor,False,571.71,816.32,RF Tee monitoring (FREIA)
TTxxx,TT,xxx,Temperature Transmitter,temperature,sensor,False,767.54,828.99,RF Tee monitoring (FREIA)
PTx21,PT,x21,Pressure Transmitter,pressure,sensor,False,559.04,713.48,"CPLR AD, ED, PT"
ADx21,AD,x21,Analysis Device,analysis,device,False,560.0,690.88,"CPLR AD, ED, PT"
ADx22,AD,x22,Analysis Device,analysis,device,False,559.57,724.68,"CPLR AD, ED, PT"
ADx11,AD,x11,Analysis Device,analysis,device,False,856.06,691.44,"CPLR AD, ED, PT"
ADx12,AD,x12,Analysis Device,analysis,device,False,855.61,723.7,"CPLR AD, ED, PT"
EDx21,ED,x21,Element Device,analysis,device,False,559.9,701.13,"CPLR AD, ED, PT"
EDx11,ED,x11,Element Device,analysis,device,False,855.91,701.47,"CPLR AD, ED, PT"
PTx11,PT,x11,Pressure Transmitter,pressure,sensor,False,856.52,712.6,"CPLR AD, ED, PT"
TTxxx,TT,xxx,Temperature Transmitter,temperature,sensor,False,696.03,867.5,Instrumentation
TTxxx,TT,xxx,Temperature Transmitter,temperature,sensor,False,717.85,856.9,Instrumentation
TTxxx,TT,xxx,Temperature Transmitter,temperature,sensor,False,684.15,764.38,Instrumentation
TTxxx,TT,xxx,Temperature Transmitter,temperature,sensor,False,726.56,764.07,Instrumentation
TTxxx,TT,xxx,Temperature Transmitter,temperature,sensor,False,727.82,690.24,Instrumentation
TTxxx,TT,xxx,Temperature Transmitter,temperature,sensor,False,690.3,690.38,Instrumentation
