source_path	source_git_blob_sha1	bytes
12_cluster_vision.docx	bf90fc10a8bd75aad9d5e4f2a9097150ce096ebd	14213
deepagent-handover-package/source/Uploads/QSYS - Architecture for MINERVA.pptx	0ef85c3e7db046e48b62a7099f315b9667f26a35	18081548
deepagent-handover-package/source/Uploads/QSYS - Architecture for MINERVA_fontnorm.pptx	0aee2826434e583a8dca3a8232fade58e3c41e59	4780972
deepagent-handover-package/source/Uploads/QSYS - ATS Database Management System.pptx	03df398e4a45d746e4aefff7ee335859b9910462	7912333
deepagent-handover-package/source/Uploads/QSYS - Commissioning Overview.pptx	624a9bcb4fde3869d0d3cd768b8fe7a7de1e763c	3689028
deepagent-handover-package/source/Uploads/QSYS - He Recovery.pptx	b41a59d277690bef240538ee07cf535c7e4cb316	3184292
deepagent-handover-package/source/Uploads/QSYS - He Recovery_fontnorm.pptx	72e89abbd23ab383d5e274acbd3be87b9735b86f	3051446
deepagent-handover-package/source/Uploads/QSYS - IADR Overview.pptx	f0a82eb82969b9ec5e39795ada7ee6f635304107	2455234
deepagent-handover-package/source/Uploads/QSYS - Installation Overview.pptx	3a2464fda1857d20a32ce1ab90fa29ea8ffc812b	8981373
deepagent-handover-package/source/Uploads/QSYS - Pipping Pressure Overview.pptx	37ee8ad792f421184a37ae9510c218e77794a04b	2551669
deepagent-handover-package/source/Uploads/QSYS - Pipping Pressure Overview_fontnorm.pptx	c81b3b36f3fc1e332dcc209fd535fbcce5eef90d	2398127
deepagent-handover-package/source/Uploads/QSYS - Top-level system description.pptx	b7464ab453d3c04894c3741d556a631c9ffc4336	2429439
deepagent-handover-package/source/Uploads/QSYS Buildings Overview.pptx	8752bb081158b58ddfd0042cd70f1a39e5c49641	12588190
deepagent-handover-package/source/Uploads/QSYS Buildings Overview_fontnorm.pptx	d19f4e316383ad1d4c19fe7531fa002ac06c24e5	12092565
deepagent-handover-package/source/Uploads/QSYS Naming Conventions.pptx	6be8f2b5c4e87988fb45477d4715bcd18b383976	7739036
deepagent-handover-package/source/Uploads/QSYS Naming Conventions_fontnorm.pptx	1392e905a15b8c03081e111bd96395b2510d35c0	7170310
deepagent-handover-package/source/Uploads/QSYS Process and Utilities Overview.pptx	09be4bbfa400913f602bc537837ba185a1e56e22	8721597
deepagent-handover-package/source/Uploads/redrawn_figure5.pptx	80ba794a9a07cdc16cf815b338332915e86883d9	28779
deepagent-handover-package/source/Uploads/redrawn_figure5_fontnorm.pptx	d838b097d21898ea770ca2d7e0c23f506c3948c7	28797
deepagent-handover-package/source/Uploads/Values_Commitments_v1 2025-06-05 19_04_08.pptx	1f8fbed133dc8035e27433b1ab704a165d14fea2	31211
DMAIC_REPO_CLEANUP_METHODOLOGY.docx	a6542dc0e5809eb5ca3665d5341ddce27652abb3	19269
DMAIC_V3/temporal_history/lineage.db	dae17eb3d47e8641f442fb97a9d923c6da70d3e0	32768
docs/handover_book_preview.png	a4ad005ae1513f3feae6bf2fcfd2637bdf4cd878	193631
docs/myrrha_handover/docs/design-guide.docx	6c13da9d5bcf193f62c10017f724b8187969d191	11532
docs/myrrha_handover/docs/editing-guide.docx	c4d84b7d2a230b92ee18c68857f5062041200bc7	11222
docs/myrrha_handover/docs/slide-notes-guide.docx	53bf81b0d9307f6839e70e51f175f550b05b5323	11002
docs/myrrha_handover/master/slides.docx	f751b09781aeefa7cdfddac49a8bbfb54577444a	11033
docs/myrrha_handover/master/truth.docx	062ae4eacca65e49debb84326f5411e7793cfa3e	10872
docs/myrrha_handover/SUMMARY.docx	d7fc2e23fd50afbb828dedc39787e3b016b161dd	12594
docs/qps_line_s_recovery/figures/fig1_pressure_rise_cold.png	a3430f20d9bf02f5331ebd426e83835dc5f4e21f	99089
docs/qps_line_s_recovery/figures/fig2_t_available_heatmap.png	5b7472b2921b6f34da3594c0429d9ed5807ac787	94599
docs/qps_line_s_recovery/figures/fig3_boiloff_transient.png	e9e8a19be3d0fd6f46f09011da80cfa7b54521d5	116909
docs/qps_line_s_recovery/figures/fig4_heat_loads_vs_T_TS.png	3d98d770c1b068d462437ad8b87b6ac016dee451	110619
docs/qps_line_s_recovery/figures/fig5_nist_conductivity.png	f8892b255412d24e0c44ac602e0d6a81e58bada9	52787
docs/qps_line_s_recovery/QPS_LineS_RTM292_Presentation.pptx	bda20c29afb20fcb84a1eabdf34692f01dbbf255	484161
docs/qps_line_s_recovery/QPS_LineS_TechnicalNote_RTM292.docx	0d39636125d1cbce333b5efb79c05dcac38aea66	455681
docs/qps_line_s_recovery/QPS_LineS_TechnicalNote_RTM292.pdf	da58ab58f8a787721b79f4e705e9a464f38f0364	609711
docs/qps_offer_rtm_evaluation/current/BT_Method_Evaluation_v12.pptx	789ec68379f82ab06fc6db5ff71c09ff1f75d518	2841564
docs/qps_offer_rtm_evaluation/current/QPS_MTBF_WCS_DMAIC_v7.pptx	0eb1bf4a54ac22d5c2141ec0aa327ed5192c0ee1	6337683
docs/qps_offer_rtm_evaluation/current/QPS_OFFER_Evaluation_FULL_v23.xlsx	aa361a6e9c2037a410df41eb89dd065669b01cff	626042
docs/qps_offer_rtm_evaluation/current/QPS_OFFER_Evaluation_FULL_v24.xlsx	bccab3a8ccf539db7c4a9636f1f2abee86885494	641318
docs/qps_offer_rtm_evaluation/current/QPS_OFFER_Evaluation_LITE_v23.xlsx	c3066077c4ad6265c8067bd000e473ac1a420dcf	581935
docs/qps_offer_rtm_evaluation/current/QPS_OFFER_Evaluation_LITE_v24.xlsx	56703fc04b6a43c5cbe95299d54393c00a110b14	584494
EXAMPLE_DRY_RUN.docx	f1a05d351585221025ec6c1a19aa349448f3d8a2	17879
integration_test_results.docx	f0d1aafe6f86631389effbb93a8987b18e6b10a4	12824
lineage_analysis.docx	8af46d24c68e3e3e08231892d00bbdf44ba8f16c	14336
MINERVA_PID/AGENTS.docx	86104a30239dcea1a28e2cc33efef5d2421cc6c7	14278
MINERVA_PID/AGENTS.pdf	7525926d7289ad8da0e5a71a4bc5948db73b5921	40157
MINERVA_PID/data/pdf/PFD-PID_MINERVA_QCELL-LB.pdf	ba717ba0782433e753b28aa57520742ebee38723	275114
MINERVA_PID/data/ppt/QCELL_P&ID.pptx	3de1e1502b68d60c514a79c19f720f0f07aae456	1868082
MINERVA_PID/deck_assets/crop_bubbles.png	124c2ad685d8a1c9fc7b964ceef78ac0041a310e	81986
MINERVA_PID/deck_assets/crop_diamonds.png	7d7ca78a85e58ca65279bc79f2b2a0049a218915	92684
MINERVA_PID/deck_assets/crop_legend.png	3f7ac07b2c6ca9361e99859dfef03d9acd4b050c	61759
MINERVA_PID/deck_assets/crop_mono_piping.png	0d837b9e45ff20543c45d44722941fa6a02b44aa	149459
MINERVA_PID/deck_assets/crop_piping.png	262bc5d172f8ecbd4488a2d3f313d469873f81a9	148656
MINERVA_PID/deck_assets/crop_title.png	bee28dccca2d69c7111c9d07e918874dfe4b281c	17074
MINERVA_PID/deck_assets/q1_cc.png	498e27d0488e371ed936585f6a007a92f1070cef	534209
MINERVA_PID/deck_assets/q1_legend.png	a1d97604611eb1e7b61158f8082faa82cfaf5b39	585757
MINERVA_PID/deck_assets/q1_mono.png	2a98ffd0ee3014bb4c27fe3ef5ba8ec8ba1389c0	559412
MINERVA_PID/deck_assets/q1_std.png	381a86fb6daf4a1184457fe5a1eebc93da29e69e	550586
MINERVA_PID/deck_assets/q2_std.png	44e8bc6ffc87405e1ec3a414e52c3311607b10e7	719784
MINERVA_PID/deck_assets/r1_std.png	743c465971a3066035a55222d389787f1c5556f9	180791
MINERVA_PID/deck_assets/r2_std.png	728c7c9a8592e1700d15832d37401a178808bea0	276478
MINERVA_PID/deck_assets_v5/crop_gradient.png	918b22142895d63d3fdb55073ab6e84bbddfcb08	17671
MINERVA_PID/deck_assets_v5/crop_spectable.png	053aec43fd1b7ab6501df29339acad64b76488a1	82106
MINERVA_PID/deck_assets_v5/crop_spectable_mono.png	e4d7723d35ef6d27ebd8965c4c6bf0c182e97971	78403
MINERVA_PID/deck_assets_v5/ml_q.png	9b5ec5e217bdb937d93cbc2c1e75aae98be0ebfe	184639
MINERVA_PID/deck_assets_v5/ml_r.png	9ab59a28fff98e07885844244b601d6adfa98554	184134
MINERVA_PID/deck_assets_v5/q1_mono.png	11935c80039ba45174842305026bf250fa0cd515	1037236
MINERVA_PID/deck_assets_v5/q1_std.png	5e11c1bb34e4376b4e360710ecb4cabf3940c5fc	967491
MINERVA_PID/docs/CAPABILITY_MATRIX.docx	525220bde1cc65e1211e905f7243f5bfe3127fd4	13279
MINERVA_PID/docs/CAPABILITY_MATRIX.pdf	fcfbab061fab70ad502ab2771c47ae7c13cefbba	34207
MINERVA_PID/docs/GITHUB_PR_PLAN.docx	2fe6b9001cb92783bb0adb0a82e3c68e9ac9be4e	14226
MINERVA_PID/docs/GITHUB_PR_PLAN.pdf	e7813bd6b420bdda2412c55445a3105a6f39265c	41582
MINERVA_PID/docs/PR1_DESCRIPTION.docx	37ef8c845f9ceef349de8fc9d534d3827e9fee2d	13464
MINERVA_PID/docs/PR1_DESCRIPTION.pdf	ee07c4bd243a2004fdd7e8cadc6055f00a8a7f11	40207
MINERVA_PID/docs/PR1_DESCRIPTION_COMBINED.docx	6fe3032204fc6fb262eea7f0b51ac76aca552cf3	14238
MINERVA_PID/docs/PR1_DESCRIPTION_COMBINED.pdf	76baa24a02951fb160c93c36fab72e0b5fd53601	51007
MINERVA_PID/docs/TODO.docx	495f592f24be18989b3eb6396d4079c7aedffcf3	11788
MINERVA_PID/docs/TODO.pdf	30043b90095dc149befb66ca25c51abd89bde72d	29552
MINERVA_PID/docs/W006_INTERACTIVE_UI_PLAN.docx	44d7d4261f8ee6d478e1b7c756dfd5d2a2baa40b	13977
MINERVA_PID/docs/W006_INTERACTIVE_UI_PLAN.pdf	2ad05e0b493b4a9db9c0252198746b5370a8ea45	46145
MINERVA_PID/docs/W006_OPTIONS.docx	ba6458f55150250a6d0276acd9135ae1b52cabdd	13743
MINERVA_PID/docs/W006_OPTIONS.pdf	aeebb414eab39b07c053c7ecade1979224eaddc5	38258
MINERVA_PID/docs/W007_CI_IMPLEMENTATION.docx	ca47d050d60949ef58b70a3c9b6b87388eae00e7	15344
MINERVA_PID/docs/W007_CI_IMPLEMENTATION.pdf	bcd7151c6eff9fd0049c82a2b2ffbd50f4b15d76	59848
MINERVA_PID/docs/W007_CICD_PLAN.docx	87c3a0627f77475dc7c64ea4138bdb990064f224	13836
MINERVA_PID/docs/W007_CICD_PLAN.pdf	b66a35209783eb0021bbc46a2572c2c00d0e3675	42318
MINERVA_PID/docs/W009_COMMISSIONING.docx	dbea2c8f6fd91146e65d843be4ba684c3b1d6c5f	13400
MINERVA_PID/docs_v4/COLOR_LEGEND_GUIDE.docx	7e3192181841d931b42b5f51e829caa0c14b4db4	13014
MINERVA_PID/docs_v4/COLOR_LEGEND_GUIDE.pdf	28028c0a54e64f580f18a614025291e5d3c02251	30425
MINERVA_PID/docs_v4/DEFAULT_VIEWS_DOCUMENTATION.docx	fdde2c23dff85137efb9ab9d7c7ee3db15a2fdfa	12571
MINERVA_PID/docs_v4/DEFAULT_VIEWS_DOCUMENTATION.pdf	659fc9ecbd8d78bdea831411a5299320eb0e6244	32826
MINERVA_PID/docs_v4/INTERACTIVE_VIEWER_MANUAL.docx	c8347bc9c304f458f7df3ff403c1d51eb3d571b8	12931
MINERVA_PID/docs_v4/INTERACTIVE_VIEWER_MANUAL.pdf	dd01c54644eaf3009ebb2374c47f1224536a79f4	38819
MINERVA_PID/docs_v4/PHASE1_REFERENCE_ANALYSIS.docx	6c5d25afc3c70660823a739516706d78157aa17c	12536
MINERVA_PID/docs_v4/PHASE1_REFERENCE_ANALYSIS.pdf	5ca060f28301ef7522290ba214c2a152c468e30b	30620
MINERVA_PID/extracted/master/PID Nomenclature MINERVA CryoCell (QCELL-LB).xlsx	70f3834b6a9e26a491eaddc723258503cfa933f5	26113
MINERVA_PID/extracted/master/QCELL - Auxilliary lines (NA.CP).xlsx	dcc9052b4696c5054439fc02ac825642cc4e1aa9	13659
MINERVA_PID/extracted/standard/PID Nomenclature MINERVA CryoCell (QCELL-LB).xlsx	70f3834b6a9e26a491eaddc723258503cfa933f5	26113
MINERVA_PID/output/LAYER_STRUCTURE.docx	cc270aed6f0a972f10ca0afe63f66697fd8943ac	12064
MINERVA_PID/output/LAYER_STRUCTURE.pdf	28592d4ef56daecae1177fe4fc6337f917db91b1	36305
MINERVA_PID/output/PID_QCELL-LB_improved.pdf	da9863984186050fd9682b8c11de98304d1ede7d	117402
MINERVA_PID/output/PID_RFCELL_improved.pdf	eb9378e2f121789a84fabd2888cb50074f2da248	62422
MINERVA_PID/output/previews/QCELL-LB.png	b856dd432565a180df24027bc3258abe91a722da	532143
MINERVA_PID/output/previews/RFCELL.png	ed37868be5fe1878cef9f882c731693b3a8e2c33	197677
MINERVA_PID/output/TECHNICAL_DOCUMENTATION.docx	3f29a2188133aa609a3aad0c41f7960fc3cde2e6	14933
MINERVA_PID/output/TECHNICAL_DOCUMENTATION.pdf	0160842bd41c301b5ffa073769599f64caadd5d6	44160
MINERVA_PID/output_v2/00_DRAWING_INDEX.docx	ff55fd18ce81dbdf9c426f3e93fb6e845c0126e8	11842
MINERVA_PID/output_v2/00_DRAWING_INDEX.pdf	e35c1c4c7068f6abfb912650dda76d9500836dd0	33246
MINERVA_PID/output_v2/01_LAYER_STRUCTURE_GUIDE.docx	fb08f897e108d12a49072331ff89b5ab3c847616	11717
MINERVA_PID/output_v2/01_LAYER_STRUCTURE_GUIDE.pdf	67fe184b3ccab01bd8970d8033d154d802576f78	26975
MINERVA_PID/output_v2/02_SENSOR_REALLOCATION.docx	f50a5e608d9aed56432c04dc22844b329aa5fdb7	11524
MINERVA_PID/output_v2/02_SENSOR_REALLOCATION.pdf	42ec1046811619197da6619cfbec99116d298119	33045
MINERVA_PID/output_v2/03_SCOPE_BOUNDARY_REFERENCE.docx	db6ca10471bc2888077889e64bc7fb8134e848dd	11764
MINERVA_PID/output_v2/03_SCOPE_BOUNDARY_REFERENCE.pdf	09946deafc689843e425dc7217a2d1aa4cca2898	32010
MINERVA_PID/output_v2/QCELL/QCELL-Sheet1-Cryogenic_CONTROL-CENTRIC.pdf	a03151f66dfbed0755bab0631912a7cfeff27341	90625
MINERVA_PID/output_v2/QCELL/QCELL-Sheet1-Cryogenic_STANDARD.pdf	b84810d14ac89c92e2eb45a8d58ee42b5d4431ef	82452
MINERVA_PID/output_v2/QCELL/QCELL-Sheet2-Instrumentation_CONTROL-CENTRIC.pdf	03e6568d311848e2c6a8631f4e4f4f383ed7deae	109610
MINERVA_PID/output_v2/QCELL/QCELL-Sheet2-Instrumentation_STANDARD.pdf	c20af1f7ec54c8d46a972053b7c64662bdaa9dae	100978
MINERVA_PID/output_v2/RFCELL/RFCELL-Sheet1-Process_CONTROL-CENTRIC.pdf	42b9dea4a323f3b3e00f85c7ad76f75d8217fb14	57302
MINERVA_PID/output_v2/RFCELL/RFCELL-Sheet1-Process_STANDARD.pdf	468f86774072af30b880592f82d7fc8d03c12f02	48643
MINERVA_PID/output_v2/RFCELL/RFCELL-Sheet2-Instrumentation_CONTROL-CENTRIC.pdf	2e02c62000742b48eb36fe1324a512ab06a07d88	69733
MINERVA_PID/output_v2/RFCELL/RFCELL-Sheet2-Instrumentation_STANDARD.pdf	1b96f423d1d455c3ee848560f218ad01c26f36c8	60929
MINERVA_PID/output_v3/DEFAULT_VIEWS_GUIDE.docx	3f30af590c0525d3ae25043bd4ff34ddb0526025	12304
MINERVA_PID/output_v3/DEFAULT_VIEWS_GUIDE.pdf	82c6607a6ec3fe242e0688c7a03db593533d03ee	31063
MINERVA_PID/output_v3/LAYER_NAMING_STANDARD.docx	33330b78a3aeecaadb422a7ef06d590280b8555c	13121
MINERVA_PID/output_v3/LAYER_NAMING_STANDARD.pdf	d390c5243ee62d854fccc4bc02547397c084f770	45866
MINERVA_PID/output_v3/MINERVA_NOMENCLATURE_MASTER.xlsx	cdf35f3b3955b0e360ce3410482de397b04d978d	26595
MINERVA_PID/output_v3/MINERVA_PID_DISSECTION.pptx	c49b63abf6f4f6011b88182e4833e7c4158b176b	2123232
MINERVA_PID/output_v3/PRINTING_GUIDE_A3.docx	32d3035411f6876f8156c00dc1e03f918f06c65a	11844
MINERVA_PID/output_v3/PRINTING_GUIDE_A3.pdf	617e1579f4b1b9150d12cb0e0c105e11ad6abc67	28243
MINERVA_PID/output_v3/QCELL/QCELL-Sheet1-Cryogenic_CONTROL-CENTRIC.pdf	6ceaa5f225a3a78965b6f1e0e2e275e1af2b3452	85786
MINERVA_PID/output_v3/QCELL/QCELL-Sheet1-Cryogenic_CONTROL-CENTRIC_MONO.pdf	d844f36873c0ac419d51d03963a4cda4f4644deb	83794
MINERVA_PID/output_v3/QCELL/QCELL-Sheet1-Cryogenic_STANDARD.pdf	34cb63794208a0dfe70a8a857a53ced39c3ceb18	85708
MINERVA_PID/output_v3/QCELL/QCELL-Sheet1-Cryogenic_STANDARD_MONO.pdf	dd5e99d751c89fae06cd0be127690760adbb78d7	83782
MINERVA_PID/output_v3/QCELL/QCELL-Sheet2-Instrumentation_CONTROL-CENTRIC.pdf	c4ff0f8811743f1928211c5dd0db4188e5d83fd2	101166
MINERVA_PID/output_v3/QCELL/QCELL-Sheet2-Instrumentation_CONTROL-CENTRIC_MONO.pdf	5c886b231caba56f898f4c122567cc28344fc47a	99079
MINERVA_PID/output_v3/QCELL/QCELL-Sheet2-Instrumentation_STANDARD.pdf	656e2a81869a463e96856a5cfea304680ec98a6e	101099
MINERVA_PID/output_v3/QCELL/QCELL-Sheet2-Instrumentation_STANDARD_MONO.pdf	dc39de493799026302a0299b451bda7680c8baea	99025
MINERVA_PID/output_v3/RFCELL/RFCELL-Sheet1-Process_CONTROL-CENTRIC.pdf	13054e98d7396de4e66ef8cc1aa62f88f53d6d4e	49287
MINERVA_PID/output_v3/RFCELL/RFCELL-Sheet1-Process_CONTROL-CENTRIC_MONO.pdf	e7fb765a7796390b01e837a3c26abba929bb3047	49107
MINERVA_PID/output_v3/RFCELL/RFCELL-Sheet1-Process_STANDARD.pdf	0c284b69cdd0e75bfc19782fa9634d0f9189a312	49302
MINERVA_PID/output_v3/RFCELL/RFCELL-Sheet1-Process_STANDARD_MONO.pdf	b385475fbe7bb7f905f5893cb78bbbefa38a34fa	49103
MINERVA_PID/output_v3/RFCELL/RFCELL-Sheet2-Instrumentation_CONTROL-CENTRIC.pdf	b1809206eb739e628c8a63bc1ab109c7650d2391	57633
MINERVA_PID/output_v3/RFCELL/RFCELL-Sheet2-Instrumentation_CONTROL-CENTRIC_MONO.pdf	2735125a02e6173372418e35e992c2ca10318929	57405
MINERVA_PID/output_v3/RFCELL/RFCELL-Sheet2-Instrumentation_STANDARD.pdf	8eadce63b9572d69c2668fb47b0e411cd74a8c95	57632
MINERVA_PID/output_v3/RFCELL/RFCELL-Sheet2-Instrumentation_STANDARD_MONO.pdf	7f753cd400070cb9fa0585683f3ee5218a0d468d	57408
MINERVA_PID/output_v4/AD_01.16_COMPLIANCE_MATRIX.xlsx	f513c5454193e6757e7b21d0d0193ba2165e8fc5	9470
MINERVA_PID/output_v4/COLOR_LEGEND_GUIDE.pdf	28028c0a54e64f580f18a614025291e5d3c02251	30425
MINERVA_PID/output_v4/DEFAULT_VIEWS_DOCUMENTATION.pdf	659fc9ecbd8d78bdea831411a5299320eb0e6244	32826
MINERVA_PID/output_v4/HTML_INTERACTIVE/assets/thumbs/QCELL-Sheet1-Cryogenic.png	c32981d87738d8510cf2e19ac30b04d4410ca9dd	126651
MINERVA_PID/output_v4/HTML_INTERACTIVE/assets/thumbs/QCELL-Sheet2-Instrumentation.png	11e4f6adad6543fd5df3003157c55606d02c40bc	138404
MINERVA_PID/output_v4/HTML_INTERACTIVE/assets/thumbs/RFCELL-Sheet1-Process.png	dc0224d478f590dd879a9782ced3ed74e08f73d7	32390
MINERVA_PID/output_v4/HTML_INTERACTIVE/assets/thumbs/RFCELL-Sheet2-Instrumentation.png	d1262d43d72db64b681dc78e0065214ee5faf66a	43436
MINERVA_PID/output_v4/INTERACTIVE_VIEWER_MANUAL.pdf	dd01c54644eaf3009ebb2374c47f1224536a79f4	38819
MINERVA_PID/output_v4/QA/alignment_checks/ALIGN_QCELL-Sheet1-Cryogenic_STANDARD_v4.png	952a5e80c4d0a6fc17f99f145b183bcb0e443a3d	474628
MINERVA_PID/output_v4/QA/alignment_checks/ALIGN_RFCELL-Sheet1-Process_STANDARD_v4.png	b2f4410f42161f44c28e012cab38b667c0cdff21	129885
MINERVA_PID/output_v4/QA/visual_comparison/_v3_ref.png	8eaa5c1ff7be45a99e95b8348ba6d066616a969c	284625
MINERVA_PID/output_v4/QA/visual_comparison/CMP_QCELL-Sheet1-Cryogenic_CONTROL-CENTRIC.png	4026b3474204fbd28cd7cd461d663a52326a9a32	832723
MINERVA_PID/output_v4/QA/visual_comparison/CMP_QCELL-Sheet1-Cryogenic_STANDARD.png	c18ba2760940e73671a90e814eed909e8b8963f1	858638
MINERVA_PID/output_v4/QA/visual_comparison/CMP_QCELL-Sheet2-Instrumentation_CONTROL-CENTRIC.png	802c9e0f732ab9a3d05d99974db696c46469b8ea	911759
MINERVA_PID/output_v4/QA/visual_comparison/CMP_QCELL-Sheet2-Instrumentation_STANDARD.png	dddc185564963d8c20658150b36502b886f1dac6	925198
MINERVA_PID/output_v4/QA/visual_comparison/CMP_RFCELL-Sheet1-Process_CONTROL-CENTRIC.png	5dd09f4971ef8d743d277f6ccf6a4495d0f29103	219986
MINERVA_PID/output_v4/QA/visual_comparison/CMP_RFCELL-Sheet1-Process_STANDARD.png	4be4ee22eba3ef5a1ad93e49fbcaa74fa3727d51	226692
MINERVA_PID/output_v4/QA/visual_comparison/CMP_RFCELL-Sheet2-Instrumentation_CONTROL-CENTRIC.png	65384e5aa775404be197362e4604bd4a3f938f52	316410
MINERVA_PID/output_v4/QA/visual_comparison/CMP_RFCELL-Sheet2-Instrumentation_STANDARD.png	90579c56562fce1b3b57b4fc417f4fca06649837	315765
MINERVA_PID/output_v4/QA/visual_comparison/CMP_v3_vs_v4_QCELL_Cryo.png	8224de0fb9678e842a2eac0d65abb2e2afc0b921	734183
MINERVA_PID/output_v4/QA/visual_comparison/QCELL-Sheet1-Cryogenic_CONTROL-CENTRIC_MONO_v4.png	be40b09b1dc69c02cab350fd66b68bd077abd84e	878570
MINERVA_PID/output_v4/QA/visual_comparison/QCELL-Sheet1-Cryogenic_CONTROL-CENTRIC_v4.png	3566d9f3bc368fabbbaa8e7b401e096df5de9fe4	861382
MINERVA_PID/output_v4/QA/visual_comparison/QCELL-Sheet1-Cryogenic_STANDARD_MONO_v4.png	f9486e03526432fbfcd26865d667f6de8276cdb0	867614
MINERVA_PID/output_v4/QA/visual_comparison/QCELL-Sheet1-Cryogenic_STANDARD_v4.png	939203b0c01bd1c6940616f288d8fa76219c4399	875339
MINERVA_PID/output_v4/QA/visual_comparison/QCELL-Sheet2-Instrumentation_CONTROL-CENTRIC_MONO_v4.png	d1c4b08dd9e7ecec48d699a4e4237e0f52ea2117	1055143
MINERVA_PID/output_v4/QA/visual_comparison/QCELL-Sheet2-Instrumentation_CONTROL-CENTRIC_v4.png	d840d7d218b93e71461cfe6a882c75c3f5bd9f78	1050787
MINERVA_PID/output_v4/QA/visual_comparison/QCELL-Sheet2-Instrumentation_STANDARD_MONO_v4.png	73f0d660f9de0de262ca4aeada6cd59daaef986a	1057530
MINERVA_PID/output_v4/QA/visual_comparison/QCELL-Sheet2-Instrumentation_STANDARD_v4.png	05d53eecbc3ab7768ae67fb31879195457f4755a	1054582
MINERVA_PID/output_v4/QA/visual_comparison/RFCELL-Sheet1-Process_CONTROL-CENTRIC_MONO_v4.png	597eee6ee0e05b34a5362dff2df72d2cb8f610ae	241328
MINERVA_PID/output_v4/QA/visual_comparison/RFCELL-Sheet1-Process_CONTROL-CENTRIC_v4.png	96894fb6d537beadeecb6ee1fb2f9887b2dab2b4	231971
MINERVA_PID/output_v4/QA/visual_comparison/RFCELL-Sheet1-Process_STANDARD_MONO_v4.png	90918c17351d253e39fd686e8f861f04615d6ded	241866
MINERVA_PID/output_v4/QA/visual_comparison/RFCELL-Sheet1-Process_STANDARD_v4.png	3f0da65df26b57ee671bfaf44c61d6f468ddbb06	235834
MINERVA_PID/output_v4/QA/visual_comparison/RFCELL-Sheet2-Instrumentation_CONTROL-CENTRIC_MONO_v4.png	a1472ce36cddc8f7be7ca79ad3214e22c08ac2b6	340529
MINERVA_PID/output_v4/QA/visual_comparison/RFCELL-Sheet2-Instrumentation_CONTROL-CENTRIC_v4.png	386e78d95e6be6bdf69561d87787be2ecac082b3	338099
MINERVA_PID/output_v4/QA/visual_comparison/RFCELL-Sheet2-Instrumentation_STANDARD_MONO_v4.png	2261953deef11533fb97983ef3b916f29a3fa053	338760
MINERVA_PID/output_v4/QA/visual_comparison/RFCELL-Sheet2-Instrumentation_STANDARD_v4.png	84e6e30a28cd9fc58bb15f2991cbb7299582a0a6	335102
MINERVA_PID/output_v4/QCELL/QCELL-Sheet1-Cryogenic_CONTROL-CENTRIC_MONO_v4.pdf	7293132229ccbeca484f6ed166ef68e43449f085	103252
MINERVA_PID/output_v4/QCELL/QCELL-Sheet1-Cryogenic_CONTROL-CENTRIC_v4.pdf	cf15d56a55edc10a309d22ae1ed1dbac6fa1589c	105622
MINERVA_PID/output_v4/QCELL/QCELL-Sheet1-Cryogenic_STANDARD_MONO_v4.pdf	c27b28aa0dce113bea4ddb0c59deac25e1864d97	103244
MINERVA_PID/output_v4/QCELL/QCELL-Sheet1-Cryogenic_STANDARD_v4.pdf	3160609be3e8ad77ec4869b738e68b3509d561f9	105542
MINERVA_PID/output_v4/QCELL/QCELL-Sheet2-Instrumentation_CONTROL-CENTRIC_MONO_v4.pdf	ef6dc51207322c3e5877ad6179c5a0b25159f1a3	118289
MINERVA_PID/output_v4/QCELL/QCELL-Sheet2-Instrumentation_CONTROL-CENTRIC_v4.pdf	3123b0637931a2acafd357a4cef226379c235f40	120830
MINERVA_PID/output_v4/QCELL/QCELL-Sheet2-Instrumentation_STANDARD_MONO_v4.pdf	0fd1a9dc5406c0fdd495503f5e0defa905425b67	118229
MINERVA_PID/output_v4/QCELL/QCELL-Sheet2-Instrumentation_STANDARD_v4.pdf	c636be6c2932d738b891cdbae84e73ee7d3ed9eb	120755
MINERVA_PID/output_v4/RFCELL/RFCELL-Sheet1-Process_CONTROL-CENTRIC_MONO_v4.pdf	05e109d42ee6dee34a1b7a36b72bd240c236383a	49320
MINERVA_PID/output_v4/RFCELL/RFCELL-Sheet1-Process_CONTROL-CENTRIC_v4.pdf	2ed54e45b65e11bfb4a93ec41614501ae45599fd	49514
MINERVA_PID/output_v4/RFCELL/RFCELL-Sheet1-Process_STANDARD_MONO_v4.pdf	d0fc6d0950c4a008ac3fda62397963f787f9dac5	49316
MINERVA_PID/output_v4/RFCELL/RFCELL-Sheet1-Process_STANDARD_v4.pdf	c66052a0310a702ef6cd2b95794bfbdb9416079d	49525
MINERVA_PID/output_v4/RFCELL/RFCELL-Sheet2-Instrumentation_CONTROL-CENTRIC_MONO_v4.pdf	a360647c67a1ab383fe5e98218878876fa9280c1	58065
MINERVA_PID/output_v4/RFCELL/RFCELL-Sheet2-Instrumentation_CONTROL-CENTRIC_v4.pdf	85a0faf695f3a97aff794b525dbf6febaec9034c	58295
MINERVA_PID/output_v4/RFCELL/RFCELL-Sheet2-Instrumentation_STANDARD_MONO_v4.pdf	2f1050e9d070f1fd7c33aa4bd3f4750e99255a9e	58050
MINERVA_PID/output_v4/RFCELL/RFCELL-Sheet2-Instrumentation_STANDARD_v4.pdf	918aacb52ae5ba3b640de6ab7fff43f135227143	58272
MINERVA_PID/output_v5/COLOR_SCHEME_REVISION_GUIDE.pdf	4c720229f2e016b3070bf53f3e61e5c4b549c05e	42921
MINERVA_PID/output_v5/docs/COLOR_SCHEME_REVISION_GUIDE.docx	a8b91518f2c5589c9ce5f24dd6716d2826bab14f	14011
MINERVA_PID/output_v5/docs/COLOR_SCHEME_REVISION_GUIDE.pdf	4c720229f2e016b3070bf53f3e61e5c4b549c05e	42921
MINERVA_PID/output_v5/LINE_SPECIFICATION_MASTER.xlsx	39288a6328de1a32da3f9b306346bb48d3d5c740	8506
MINERVA_PID/output_v5/MINERVA_PID_DISSECTION_v5.pptx	5480bf0e88ce16c89e5743d242dde0b4e9ed22d6	1458506
MINERVA_PID/output_v5/QCELL/QCELL-MAINLINES_VIEW.pdf	4546319408b7a1ba970f376cfa5b22679d858dd4	41665
MINERVA_PID/output_v5/QCELL/QCELL-MAINLINES_VIEW.png	a69c27a933c370ee3dedb9f084037796f1770f49	124279
MINERVA_PID/output_v5/QCELL/QCELL-Sheet1-Cryogenic_CONTROL-CENTRIC_MONO_v5.pdf	e660427f4aa9bf255c916054b6a03fc36a7a9d48	120936
MINERVA_PID/output_v5/QCELL/QCELL-Sheet1-Cryogenic_CONTROL-CENTRIC_MONO_v5.png	55d7e55a33fcd72e7cc4ea309aff49c6719e4b23	694302
MINERVA_PID/output_v5/QCELL/QCELL-Sheet1-Cryogenic_CONTROL-CENTRIC_v5.pdf	0ac4b1a3df0256a668033e69e37522383207ec06	123681
MINERVA_PID/output_v5/QCELL/QCELL-Sheet1-Cryogenic_CONTROL-CENTRIC_v5.png	e619c09490251b8f28a2c237375a4d59ce9a87fd	650265
MINERVA_PID/output_v5/QCELL/QCELL-Sheet1-Cryogenic_STANDARD_MONO_v5.pdf	653203bddeaf23b0d54666307dd72ac062677faa	120886
MINERVA_PID/output_v5/QCELL/QCELL-Sheet1-Cryogenic_STANDARD_MONO_v5.png	f4ba1f13f8c4a80114ac5d5c84c13fc0ad5343b8	688901
MINERVA_PID/output_v5/QCELL/QCELL-Sheet1-Cryogenic_STANDARD_v5.pdf	153f90f3be178c8745d6f85943b64ff0f868ce3b	123612
MINERVA_PID/output_v5/QCELL/QCELL-Sheet1-Cryogenic_STANDARD_v5.png	5b6ef23fbc5ccfbe08af5c92132e794b99a39784	656279
MINERVA_PID/output_v5/QCELL/QCELL-Sheet2-Instrumentation_CONTROL-CENTRIC_MONO_v5.pdf	40aece7c03be7fb238e7d897a26d5c67bfbfc06d	134825
MINERVA_PID/output_v5/QCELL/QCELL-Sheet2-Instrumentation_CONTROL-CENTRIC_MONO_v5.png	97249e45cf6d17ba8495ef6862a38eaa479ce0ea	771751
MINERVA_PID/output_v5/QCELL/QCELL-Sheet2-Instrumentation_CONTROL-CENTRIC_v5.pdf	c0446c0f71842b15443865732cb97d9b140c9571	137642
MINERVA_PID/output_v5/QCELL/QCELL-Sheet2-Instrumentation_CONTROL-CENTRIC_v5.png	6814385597a7d593e6fa42cc22a43e5311e814d2	746933
MINERVA_PID/output_v5/QCELL/QCELL-Sheet2-Instrumentation_STANDARD_MONO_v5.pdf	7a05fdef29af58d96bc71107ffae5538f5d13707	135001
MINERVA_PID/output_v5/QCELL/QCELL-Sheet2-Instrumentation_STANDARD_MONO_v5.png	b8ea02c0f1814b3cc2859f3b0534a112e517defd	780518
MINERVA_PID/output_v5/QCELL/QCELL-Sheet2-Instrumentation_STANDARD_v5.pdf	26de165bb1701af53987cf759ab3d2ae3fc58481	137734
MINERVA_PID/output_v5/QCELL/QCELL-Sheet2-Instrumentation_STANDARD_v5.png	89a0366025a2ea6f933cc5fd33f35f50540ad0e9	753081
MINERVA_PID/output_v5/RFCELL/RFCELL-MAINLINES_VIEW.pdf	b3049e7df31067b66ef28eea892ce9ea49348ea8	41435
MINERVA_PID/output_v5/RFCELL/RFCELL-MAINLINES_VIEW.png	e1a217d5deff1b4b211d57001669f87c7af0ae81	124270
MINERVA_PID/output_v5/RFCELL/RFCELL-Sheet1-Process_CONTROL-CENTRIC_MONO_v5.pdf	972c396ec0aaf8eb37105614a4dd2634125a9593	60559
MINERVA_PID/output_v5/RFCELL/RFCELL-Sheet1-Process_CONTROL-CENTRIC_MONO_v5.png	d54e06c8b2690d199379c1e83bf174f4bfe35c7c	263337
MINERVA_PID/output_v5/RFCELL/RFCELL-Sheet1-Process_CONTROL-CENTRIC_v5.pdf	e50580e9d2b9187da0c7d91c5dad9a0c2f133bff	61198
MINERVA_PID/output_v5/RFCELL/RFCELL-Sheet1-Process_CONTROL-CENTRIC_v5.png	ddbfbea066fe4aa747fe296a43f151e52b179d94	242383
MINERVA_PID/output_v5/RFCELL/RFCELL-Sheet1-Process_STANDARD_MONO_v5.pdf	7ef85b33293ac78b5d5e7139d7799541b0b42e5a	60478
MINERVA_PID/output_v5/RFCELL/RFCELL-Sheet1-Process_STANDARD_MONO_v5.png	f0317af449eb8e8395543701c90cbfc54707299b	264133
MINERVA_PID/output_v5/RFCELL/RFCELL-Sheet1-Process_STANDARD_v5.pdf	1d5813a430ca4b1314d4ef0d5621be223a09b965	61110
MINERVA_PID/output_v5/RFCELL/RFCELL-Sheet1-Process_STANDARD_v5.png	b059c1d20f3f41aae6367d97725048861768047f	241355
MINERVA_PID/output_v5/RFCELL/RFCELL-Sheet2-Instrumentation_CONTROL-CENTRIC_MONO_v5.pdf	be4024879030bca00c78eb07c1ee2906df924361	67828
MINERVA_PID/output_v5/RFCELL/RFCELL-Sheet2-Instrumentation_CONTROL-CENTRIC_MONO_v5.png	bdb64e72f747eda3910521153313a4fbbda6a523	311338
MINERVA_PID/output_v5/RFCELL/RFCELL-Sheet2-Instrumentation_CONTROL-CENTRIC_v5.pdf	e8c8e9b6f8384fedf99f51eabb62208e5bc9e513	68526
MINERVA_PID/output_v5/RFCELL/RFCELL-Sheet2-Instrumentation_CONTROL-CENTRIC_v5.png	9eedab4bf8bf9f607ba9ac24334b1882f57a4a2c	299762
MINERVA_PID/output_v5/RFCELL/RFCELL-Sheet2-Instrumentation_STANDARD_MONO_v5.pdf	9416c39dae928c618252acbb4ca36a45dc7773a2	67848
MINERVA_PID/output_v5/RFCELL/RFCELL-Sheet2-Instrumentation_STANDARD_MONO_v5.png	8662bf1152eed09926a346683621de6337adb25a	311417
MINERVA_PID/output_v5/RFCELL/RFCELL-Sheet2-Instrumentation_STANDARD_v5.pdf	cf6d3786979f95f6a2d53bd68e54cec055887a86	68509
MINERVA_PID/output_v5/RFCELL/RFCELL-Sheet2-Instrumentation_STANDARD_v5.png	c500fc0deb867dc577d4f370bb375f74e08d9cd8	296472
MINERVA_PID/output_v5/TEMPERATURE_GRADIENT_VISUALIZATION.pdf	eb6999113312f59dc8b11761d74c3f71a164cdf1	29505
MINERVA_PID/previews/QCELL-LB.png	0fddcf3bfad5d19eb50f51804edf7ab146c522f7	335365
MINERVA_PID/previews/RFCELL.png	f21aa0d06b05407b3cf6cc769d67adb250fea801	141429
MINERVA_PID/previews_v2/QCELL-Sheet1-Cryogenic_CONTROL-CENTRIC.png	b7cb8696cc521a6c64c8c44c018c88ed11afd306	267325
MINERVA_PID/previews_v2/QCELL-Sheet1-Cryogenic_STANDARD.png	0668a93b525a2e9febd9a12a4113c0d7d67aaef4	275550
MINERVA_PID/previews_v2/QCELL-Sheet2-Instrumentation_CONTROL-CENTRIC.png	d8b5181f94aab28441f8a7b6b2fdb80f011e4a57	344793
MINERVA_PID/previews_v2/QCELL-Sheet2-Instrumentation_STANDARD.png	895e9b2e8e0cd71832d2a55e61d1c44eaf09ae12	321733
MINERVA_PID/previews_v2/RFCELL-Sheet1-Process_CONTROL-CENTRIC.png	082c539382005ca7c9c38152ea1aa7c4fb7a6317	107290
MINERVA_PID/previews_v2/RFCELL-Sheet1-Process_STANDARD.png	fc15f20ddf9a0dd75ad45837f131bbc254f2cf62	109034
MINERVA_PID/previews_v2/RFCELL-Sheet2-Instrumentation_CONTROL-CENTRIC.png	22c5cb58e4c1f06628c70cf64b7230b5380f02f6	157936
MINERVA_PID/previews_v2/RFCELL-Sheet2-Instrumentation_STANDARD.png	60f6ca2530de1ea61649b75a15da78aecdac825b	148517
MINERVA_PID/previews_v3/_legend_visible.png	5884d4c13d085e69c050b560241df8f54f506ea8	333156
MINERVA_PID/previews_v3/QCELL-Sheet1-Cryogenic_STANDARD.png	f2b62f0a91fa8f6b8b56a77daa2a2d6af7b322ef	313341
MINERVA_PID/previews_v3/QCELL-Sheet1-Cryogenic_STANDARD_MONO.png	034c47238b4f4df7e2d5fc3c4516d4d549fe73d5	312590
MINERVA_PID/previews_v3/QCELL-Sheet2-Instrumentation_CONTROL-CENTRIC.png	e2df32faa34c333ada86f3255e1b91d82c8282e2	384580
MINERVA_PID/previews_v3/QCELL-Sheet2-Instrumentation_STANDARD.png	5275c1443de1e4e4b75690e61b90f92f7815f560	358627
MINERVA_PID/previews_v3/RFCELL-Sheet1-Process_CONTROL-CENTRIC.png	3f1359bebba5a4f68917c5b8172e8c8681d252c6	88458
MINERVA_PID/reports/scope_boundary_validation.docx	11aea96aaceb12b18463fe371e326412c1bcf48d	11768
MINERVA_PID/reports/scope_boundary_validation.pdf	7c1abeb85871d4cf34e04ecbd8af369a278097ef	24561
MINERVA_PID/reports/text_standardization_report.docx	31ad8422bb096a5584ff285fd1303d011cfa9045	11684
MINERVA_PID/reports/text_standardization_report.pdf	acab511155a5e756527a90fe095eac7ba0c36499	26708
MINERVA_PID/reports/unmapped_reduction_analysis.docx	af2ec36b46528ef608de724ea933f9932b9de41b	11823
MINERVA_PID/reports/unmapped_reduction_analysis.pdf	c531763f8389def09b70d0566e07f5d242341d16	25627
MINERVA_PID/reports/W002_colour_line_validation.docx	72690279c10f8039dfc6da039d0c2fde966e5c8c	14076
MINERVA_PID/reports/W002_colour_line_validation.pdf	a993db0cd2d9bc244c28a98dc9800995287fe84d	52204
MINERVA_PID/reports/W003_W004_combined_report.docx	c8bc34acc06b76fd35a542a1eb62927aedd8e362	14948
MINERVA_PID/reports/W003_W004_combined_report.pdf	0f1479b0bc455cf27c338b1db733173b5d0d769b	44907
MINERVA_PID/reports/W007_CICD_REPORT.docx	b01e9dfcbf5b8dee7be8961e49c9f4b1f8a98483	13235
MINERVA_PID/reports/W007_CICD_REPORT.pdf	f44522fbf19ab6e505f5809109b8ecb601a51cba	46546
MINERVA_PID/reports/W007_W008_COMPLETION.docx	c337cd56e6d1042c516ddb65fdeeaa8b95e0d336	11877
MINERVA_PID/reports/W008_VIEWER_REPORT.docx	7f259cc4a734a177677b28c21e524337a3caed4d	17241
MINERVA_PID/standards/legend_analysis.docx	ea484eb84e767da63b33bf98e433e16e702eb52c	19108
MINERVA_PID/standards/legend_analysis.pdf	be4d27c6861ead9ec5491004ad41c4002ab85319	85855
MINERVA_PID/standards/symbol_library_preview.png	247081c188361e66f306eecac20dae820e52e2ab	354381
MINERVA_PID/svg_inventory.docx	4b20b1438c0ad779dc0f78c4b7f5ccea5820b324	18589
MINERVA_PID/svg_inventory.pdf	09d9aaad73926988f519cda877ad0fed815eec13	539710
myrrha_handover/docs/design-guide.docx	6c13da9d5bcf193f62c10017f724b8187969d191	11532
myrrha_handover/docs/editing-guide.docx	c4d84b7d2a230b92ee18c68857f5062041200bc7	11222
myrrha_handover/docs/slide-notes-guide.docx	53bf81b0d9307f6839e70e51f175f550b05b5323	11002
myrrha_handover/master/slides.docx	f751b09781aeefa7cdfddac49a8bbfb54577444a	11033
myrrha_handover/master/truth.docx	062ae4eacca65e49debb84326f5411e7793cfa3e	10872
myrrha_handover/SUMMARY.docx	d7fc2e23fd50afbb828dedc39787e3b016b161dd	12594
p1_p2_p3_implementation_log.docx	f85a5b0dd091f45c29cb5c48ae2f01ead6864618	14345
qplant/authentication/future_oauth2/migration_plan.docx	e6ebbe0fc07154b13dc3a45b65bf1274630cadfd	11207
qplant/authentication/future_oauth2/oauth2_spec.docx	8bc80c1a4852cae8d36a8e7d24d7e1145184490a	11419
qplant/canonical_master/source_documents/QPS (Addendum II)_Master.docx	d95e6a15e28e0bf9e810e434b79b62e396511aaf	5063178
recovery_report.docx	5b928327007356249bc75da3bb451c17007c7c90	13670
REPO_CLEANUP_QUICK_START.docx	d7d5974a62e4d9fe640ee92f0176d969cc55890f	15034
REPO_HEALTH_SCORECARD.docx	267b9ab380d5308072f7e8d9246fafa6599143ad	13530
rtm_integration/automation/docs/rtm/QPLANT_RTM.xlsx	ef584a386395c1c5b7ef91260d6ae6dadfaf4562	12092
rtm_integration/deliverables/QPLANT_Requirements_Traceability_Matrix_v2.xlsx	aae368610375b28c5cb57b4bb3fac659197fd381	130
ssot_artifacts_catalog.docx	b1613b7d4f866400e72cc32d343a3e85bd9b119d	14010
tool_ecosystem_map.docx	f2168fdca6b5f07c218c793531118f24d0c12e35	15192
TOTAL_PROGRESS_SUMMARY.docx	c3ee6bd6afdb3a5eea1ffa9fceaa80e48ccc4039	16636
